Workbook

Sheet README
A2: Nalar ROI Calculator — configuration
A3: Every number the calculator uses lives in this workbook. Edit here, then port to src/app/data/.
B5: LEGEND
B6: Yellow fill + blue text | C6: You edit these. They are the model's inputs.
B7: Black text | C7: Formula — do not overwrite, it will recalculate.
B8: Green text | C8: Pulled from another tab in this workbook.
B9: Peach fill | C9: Headline output — what the website would show.
B11: TABS
B12: Global | C12: Horizon, agency benchmark, working-hours assumptions.
B13: RateTiers | C13: Your Low / Medium / High rates, and which user counts map to each.
B14: Hosting | C14: Estimated AWS cost per month, banded by user count.
B15: Maintenance | C15: Monthly maintenance retainer per tier.
B16: Catalog | C16: The apps a visitor can pick, with complexity weights. Set Selected = 1 to model.
B17: Calc | C17: The live model. One combined project, exactly as agreed.
B19: WHERE THE NUMBERS CAME FROM
B20: • Rate tiers, consulting rate, agency benchmark: your Financial Plan 2026 sheet (Hourly Rate References / Baselines / Benchmark).
B21: • Hosting bands and maintenance hours: ESTIMATES by Claude — no source. These are the least defensible numbers here; tune before launch.
B22: • Complexity weights: all default to 1.00, i.e. neutral. Raise a weight to make that app take longer.
B24: AGREED DECISIONS
B25: • SETTLED: public panel shows savings + % of agency. Raw project cost is INTERNAL ONLY (PRD 1 §6).
B26: • SETTLED: no email gate — the result shows immediately.
B27: • SETTLED: mixed picks = ONE combined project, but ROI/payback show ONLY on internal-only projects.

Sheet Global
A2: Global assumptions
B4: Assumption | C4: Value | D4: Note
B5: ROI horizon (months) | C5: 36 | D5: Window for ROI %. 36 = 3-year TCO, the usual software standard.
B6: Agency benchmark ($/month) | C6: 11666.67 | D6: Your sheet: $35,000 per 3 months.
B7: Consulting rate ($/hour) | C7: 35 | D7: Your sheet: discovery / training / maintenance, avg of $20-50.
B8: Working hours per day | C8: 4 | D8: Your sheet: all tiers assume 4 h/day.
B9: Working days per month | C9: 20 | D9: Implies 80 billable hours per month.
B10: Monthly billable hours | C10: =C8*C9 | D10: Formula: hours/day x days/month

Sheet RateTiers
A2: Rate tiers
A3: Which tier a project gets is decided by user count. Bands must stay sorted ascending by 'From users'.
B5: Tier | C5: $ / hour | D5: Monthly hours | E5: Monthly rate | F5: From users | G5: Note
B6: Low | C6: 30 | D6: =Global!$C$10 | E6: =C6*D6 | F6: 1 | G6: Small internal tool, light traffic
B7: Medium | C7: 55 | D7: =Global!$C$10 | E7: =C7*D7 | F7: 26 | G7: Most projects land here
B8: High | C8: 80 | D8: =Global!$C$10 | E8: =C8*D8 | F8: 101 | G8: Large user base, higher complexity
B10: Cross-check vs your sheet: Low $2,400 / Medium $4,400 / High $6,400 per month.

Sheet Hosting
A2: Hosting cost (AWS estimate)
A3: ESTIMATES — not sourced. Sorted ascending by 'From users'.
B5: Band | C5: From users | D5: $ / month | E5: Note
B6: Small | C6: 1 | D6: 40 | E6: Single small instance + managed Postgres
B7: Medium | C7: 26 | D7: 150 | E7: Load-balanced, daily backups
B8: Large | C8: 101 | D8: 400 | E8: Multi-AZ, higher storage and egress
B9: X-Large | C9: 501 | D9: 900 | E9: Scaled out; revisit properly at this size
B11: Caveat: real AWS cost tracks traffic, data and concurrency — not seat count. Seats are a proxy.

Sheet Maintenance
A2: Maintenance retainer
A3: Monthly hours you commit per tier, priced at the consulting rate.
B5: Tier | C5: Hours / month | D5: $ / month | E5: Note
B6: Low | C6: 8 | D6: =C6*Global!$C$7 | E6: Patches, backups, small fixes
B7: Medium | C7: 16 | D7: =C7*Global!$C$7 | E7: Above plus minor enhancements
B8: High | C8: 24 | D8: =C8*Global!$C$7 | E8: Above plus monitoring and on-call

Sheet Catalog
A2: App catalog
A3: What the visitor can tick. Set Selected = 1 to include it in the worked examples below.
B5: App | C5: Type | D5: Complexity weight | E5: Selected | F5: Note
B6: Workflow Management Tool | C6: Internal | D6: 1 | E6: 1
B7: Internal Chat | C7: Internal | D7: 1 | E7: 0 | F7: Lower weight if you lean on off-the-shelf
B8: HRIS | C8: Internal | D8: 1 | E8: 1 | F8: Raise weight — compliance and payroll data
B9: Payroll Management | C9: Internal | D9: 1 | E9: 0 | F9: Raise weight — tax rules, audit trail
B10: Web Application | C10: External | D10: 1 | E10: 0 | F10: Tick this and the ROI framing switches off — by design
B11: Mobile Application | C11: External | D11: 1 | E11: 0 | F11: Raise weight if iOS + Android both
B12: Desktop Application | C12: External | D12: 1 | E12: 0
B14: Weight 1.00 = neutral, so the model reduces to your rule: 2 months for 1-2 apps, +1 month each after.
B16: Timeline rule | C16: Value | D16: Note
B17: Base months | C17: 2 | D17: Covers the first N apps
B18: Apps included in base | C18: 2 | D18: Your rule: 1-2 apps = base
B19: Months per additional app | C19: 1 | D19: Each weighted app beyond the base

Sheet Calc
A2: The model — one combined project
A3: Tick apps in Catalog. Internal and external picks become a single engagement, as agreed.
B5: Input | C5: Value | E5: Note
B6: Employees (internal users) | C6: 40 | E6: Drives tier and hosting if larger than external users
B7: Expected external users | C7: 5000 | E7: Only asked when an external product is ticked (progressive disclosure)
B8: Already paying for software? | C8: 1 | E8: 1 = yes, 0 = no. Gates payback and ROI entirely.
B9: Current SaaS spend ($/month) | C9: 1800 | E9: Ignored when the answer above is 0
B11: Derived | C11: Value | E11: Formula in words
B12: Internal apps (weighted) | C12: =SUMIFS(Catalog!$D$6:$D$12,Catalog!$C$6:$C$12,"Internal",Catalog!$E$6:$E$12,1) | E12: Ticked internal apps in Catalog
B13: External apps (weighted) | C13: =SUMIFS(Catalog!$D$6:$D$12,Catalog!$C$6:$C$12,"External",Catalog!$E$6:$E$12,1) | E13: Ticked external platforms in Catalog
B14: Total apps (weighted) | C14: =$C$12+$C$13 | E14: ONE project, so internal and external add up
B15: Scale driver (users) | C15: =MAX($C$6,IF($C$13>0,$C$7,0)) | E15: Larger audience the system must carry. External users ignored unless an external app is ticked.
B16: Tier | C16: =INDEX(RateTiers!$B$6:$B$8,MATCH($C$15,RateTiers!$F$6:$F$8,1)) | E16: Band lookup on the scale driver
B17: Tier monthly rate | C17: =INDEX(RateTiers!$E$6:$E$8,MATCH($C$16,RateTiers!$B$6:$B$8,0)) | E17: Your Low / Medium / High monthly rate
B18: Build time (months) | C18: =IF($C$14=0,0,Catalog!$C$17+MAX(0,$C$14-Catalog!$C$18)*Catalog!$C$19) | E18: Base + one month per weighted app beyond the base
B19: Hosting ($/month) | C19: =INDEX(Hosting!$D$6:$D$9,MATCH($C$15,Hosting!$C$6:$C$9,1)) | E19: Band lookup on the scale driver
B20: Maintenance ($/month) | C20: =INDEX(Maintenance!$D$6:$D$8,MATCH($C$16,Maintenance!$B$6:$B$8,0)) | E20: Retainer hours x consulting rate
B22: Output | C22: Value | D22: Shown? | E22: Note
B23: Build cost (one-off) | C23: =$C$17*$C$18 | D23: INTERNAL | E23: Never rendered publicly — PRD 1 §6. For your quoting only.
B24: Agency equivalent | C24: =Global!$C$6*$C$18 | D24: INTERNAL | E24: Basis for the public percentage below
B25: You would pay (% of agency) | C25: =IF($C$24<=0,"n/a",$C$23/$C$24) | D25: PUBLIC | E25: THE HEADLINE. Works on every path. Near 55% at High tier.
B26: Build time (months) | C26: =$C$18 | D26: PUBLIC | E26: Always safe to show
B27: New monthly cost | C27: =$C$19+$C$20 | D27: PUBLIC | E27: Hosting + maintenance
B28: Monthly saving | C28: =IF(AND($C$12>0,$C$13=0,$C$8=1),$C$9-$C$27,"n/a") | D28: PUBLIC* | E28: Internal-only projects. Any external pick switches this off.
B29: Payback (months) | C29: =IF(OR($C$12=0,$C$13>0,$C$8<>1),"n/a",IF($C$28<=0,"No payback",IF($C$23/$C$28>Global!$C$5,"Beyond horizon",$C$23/$C$28))) | D29: PUBLIC* | E29: GUARDS: no payback, beyond horizon, or n/a — never a silly number
B30: Net benefit over horizon | C30: =IF(OR($C$12=0,$C$13>0,$C$8<>1),"n/a",$C$28*Global!$C$5-$C$23) | D30: PUBLIC* | E30: Savings across the horizon, less the build
B31: ROI over horizon (%) | C31: =IF(OR($C$12=0,$C$13>0,$C$8<>1,$C$23<=0),"n/a",$C$30/$C$23) | D31: PUBLIC* | E31: ALWAYS print the horizon beside it — 346% at 36mo is 49% at 12mo.
B33: PUBLIC* = internal-only projects that replace existing SaaS. If ANY external product is ticked, the UI drops the ROI framing and shows '% of agency' + build time instead — external scale would otherwise inflate running cost and wreck the payback maths.
